"Name","URI","Region GSS code","Period","Sales volume","Reporting period","Average price All property types","Average price Detached houses","Average price Semi-detached houses","Average price Terraced houses","Average price Flats and maisonettes","Pivotable date"
United Kingdom,http://landregistry.data.gov.uk/id/region/united-kingdom,K02000001,1968-04,,quarterly,3595,,,,,1968-04-01
United Kingdom,http://landregistry.data.gov.uk/id/region/united-kingdom,K02000001,1968-05,,quarterly,3595,,,,,1968-05-01
United Kingdom,http://landregistry.data.gov.uk/id/region/united-kingdom,K02000001,1968-06,,quarterly,3595,,,,,1968-06-01
United Kingdom,http://landregistry.data.gov.uk/id/region/united-kingdom,K02000001,1968-07,,quarterly,3716,,,,,1968-07-01
United Kingdom,http://landregistry.data.gov.uk/id/region/united-kingdom,K02000001,1968-08,,quarterly,3716,,,,,1968-08-01
United Kingdom,http://landregistry.data.gov.uk/id/region/united-kingdom,K02000001,1968-09,,quarterly,3716,,,,,1968-09-01
United Kingdom,http://landregistry.data.gov.uk/id/region/united-kingdom,K02000001,1968-10,,quarterly,3696,,,,,1968-10-01
United Kingdom,http://landregistry.data.gov.uk/id/region/united-kingdom,K02000001,1968-11,,quarterly,3696,,,,,1968-11-01
United Kingdom,http://landregistry.data.gov.uk/id/region/united-kingdom,K02000001,1968-12,,quarterly,3696,,,,,1968-12-01
United Kingdom,http://landregistry.data.gov.uk/id/region/united-kingdom,K02000001,1969-01,,quarterly,3757,,,,,1969-01-01
United Kingdom,http://landregistry.data.gov.uk/id/region/united-kingdom,K02000001,1969-02,,quarterly,3757,,,,,1969-02-01
United Kingdom,http://landregistry.data.gov.uk/id/region/united-kingdom,K02000001,1969-03,,quarterly,3757,,,,,1969-03-01
United Kingdom,http://landregistry.data.gov.uk/id/region/united-kingdom,K02000001,1969-04,,quarterly,3818,,,,,1969-04-01
United Kingdom,http://landregistry.data.gov.uk/id/region/united-kingdom,K02000001,1969-05,,quarterly,3818,,,,,1969-05-01
United Kingdom,http://landregistry.data.gov.uk/id/region/united-kingdom,K02000001,1969-06,,quarterly,3818,,,,,1969-06-01
United Kingdom,http://landregistry.data.gov.uk/id/region/united-kingdom,K02000001,1969-07,,quarterly,3859,,,,,1969-07-01
United Kingdom,http://landregistry.data.gov.uk/id/region/united-kingdom,K02000001,1969-08,,quarterly,3859,,,,,1969-08-01
United Kingdom,http://landregistry.data.gov.uk/id/region/united-kingdom,K02000001,1969-09,,quarterly,3859,,,,,1969-09-01
United Kingdom,http://landregistry.data.gov.uk/id/region/united-kingdom,K02000001,1969-10,,quarterly,3899,,,,,1969-10-01
United Kingdom,http://landregistry.data.gov.uk/id/region/united-kingdom,K02000001,1969-11,,quarterly,3899,,,,,1969-11-01
United Kingdom,http://landregistry.data.gov.uk/id/region/united-kingdom,K02000001,1969-12,,quarterly,3899,,,,,1969-12-01
United Kingdom,http://landregistry.data.gov.uk/id/region/united-kingdom,K02000001,1970-01,,quarterly,3920,,,,,1970-01-01
United Kingdom,http://landregistry.data.gov.uk/id/region/united-kingdom,K02000001,1970-02,,quarterly,3920,,,,,1970-02-01
United Kingdom,http://landregistry.data.gov.uk/id/region/united-kingdom,K02000001,1970-03,,quarterly,3920,,,,,1970-03-01
United Kingdom,http://landregistry.data.gov.uk/id/region/united-kingdom,K02000001,1970-04,,quarterly,3980,,,,,1970-04-01
United Kingdom,http://landregistry.data.gov.uk/id/region/united-kingdom,K02000001,1970-05,,quarterly,3980,,,,,1970-05-01
United Kingdom,http://landregistry.data.gov.uk/id/region/united-kingdom,K02000001,1970-06,,quarterly,3980,,,,,1970-06-01
United Kingdom,http://landregistry.data.gov.uk/id/region/united-kingdom,K02000001,1970-07,,quarterly,4163,,,,,1970-07-01
United Kingdom,http://landregistry.data.gov.uk/id/region/united-kingdom,K02000001,1970-08,,quarterly,4163,,,,,1970-08-01
United Kingdom,http://landregistry.data.gov.uk/id/region/united-kingdom,K02000001,1970-09,,quarterly,4163,,,,,1970-09-01
United Kingdom,http://landregistry.data.gov.uk/id/region/united-kingdom,K02000001,1970-10,,quarterly,4163,,,,,1970-10-01
United Kingdom,http://landregistry.data.gov.uk/id/region/united-kingdom,K02000001,1970-11,,quarterly,4163,,,,,1970-11-01
United Kingdom,http://landregistry.data.gov.uk/id/region/united-kingdom,K02000001,1970-12,,quarterly,4163,,,,,1970-12-01
United Kingdom,http://landregistry.data.gov.uk/id/region/united-kingdom,K02000001,1971-01,,quarterly,4265,,,,,1971-01-01
United Kingdom,http://landregistry.data.gov.uk/id/region/united-kingdom,K02000001,1971-02,,quarterly,4265,,,,,1971-02-01
United Kingdom,http://landregistry.data.gov.uk/id/region/united-kingdom,K02000001,1971-03,,quarterly,4265,,,,,1971-03-01
United Kingdom,http://landregistry.data.gov.uk/id/region/united-kingdom,K02000001,1971-04,,quarterly,4387,,,,,1971-04-01
United Kingdom,http://landregistry.data.gov.uk/id/region/united-kingdom,K02000001,1971-05,,quarterly,4387,,,,,1971-05-01
United Kingdom,http://landregistry.data.gov.uk/id/region/united-kingdom,K02000001,1971-06,,quarterly,4387,,,,,1971-06-01
United Kingdom,http://landregistry.data.gov.uk/id/region/united-kingdom,K02000001,1971-07,,quarterly,4651,,,,,1971-07-01
United Kingdom,http://landregistry.data.gov.uk/id/region/united-kingdom,K02000001,1971-08,,quarterly,4651,,,,,1971-08-01
United Kingdom,http://landregistry.data.gov.uk/id/region/united-kingdom,K02000001,1971-09,,quarterly,4651,,,,,1971-09-01
United Kingdom,http://landregistry.data.gov.uk/id/region/united-kingdom,K02000001,1971-10,,quarterly,4854,,,,,1971-10-01
United Kingdom,http://landregistry.data.gov.uk/id/region/united-kingdom,K02000001,1971-11,,quarterly,4854,,,,,1971-11-01
United Kingdom,http://landregistry.data.gov.uk/id/region/united-kingdom,K02000001,1971-12,,quarterly,4854,,,,,1971-12-01
United Kingdom,http://landregistry.data.gov.uk/id/region/united-kingdom,K02000001,1972-01,,quarterly,5158,,,,,1972-01-01
United Kingdom,http://landregistry.data.gov.uk/id/region/united-kingdom,K02000001,1972-02,,quarterly,5158,,,,,1972-02-01
United Kingdom,http://landregistry.data.gov.uk/id/region/united-kingdom,K02000001,1972-03,,quarterly,5158,,,,,1972-03-01
United Kingdom,http://landregistry.data.gov.uk/id/region/united-kingdom,K02000001,1972-04,,quarterly,5646,,,,,1972-04-01
United Kingdom,http://landregistry.data.gov.uk/id/region/united-kingdom,K02000001,1972-05,,quarterly,5646,,,,,1972-05-01
United Kingdom,http://landregistry.data.gov.uk/id/region/united-kingdom,K02000001,1972-06,,quarterly,5646,,,,,1972-06-01
United Kingdom,http://landregistry.data.gov.uk/id/region/united-kingdom,K02000001,1972-07,,quarterly,6499,,,,,1972-07-01
United Kingdom,http://landregistry.data.gov.uk/id/region/united-kingdom,K02000001,1972-08,,quarterly,6499,,,,,1972-08-01
United Kingdom,http://landregistry.data.gov.uk/id/region/united-kingdom,K02000001,1972-09,,quarterly,6499,,,,,1972-09-01
United Kingdom,http://landregistry.data.gov.uk/id/region/united-kingdom,K02000001,1972-10,,quarterly,6966,,,,,1972-10-01
United Kingdom,http://landregistry.data.gov.uk/id/region/united-kingdom,K02000001,1972-11,,quarterly,6966,,,,,1972-11-01
United Kingdom,http://landregistry.data.gov.uk/id/region/united-kingdom,K02000001,1972-12,,quarterly,6966,,,,,1972-12-01
United Kingdom,http://landregistry.data.gov.uk/id/region/united-kingdom,K02000001,1973-01,,quarterly,7758,,,,,1973-01-01
United Kingdom,http://landregistry.data.gov.uk/id/region/united-kingdom,K02000001,1973-02,,quarterly,7758,,,,,1973-02-01
United Kingdom,http://landregistry.data.gov.uk/id/region/united-kingdom,K02000001,1973-03,,quarterly,7758,,,,,1973-03-01
United Kingdom,http://landregistry.data.gov.uk/id/region/united-kingdom,K02000001,1973-04,,quarterly,8144,,,,,1973-04-01
United Kingdom,http://landregistry.data.gov.uk/id/region/united-kingdom,K02000001,1973-05,,quarterly,8144,,,,,1973-05-01
United Kingdom,http://landregistry.data.gov.uk/id/region/united-kingdom,K02000001,1973-06,,quarterly,8144,,,,,1973-06-01
United Kingdom,http://landregistry.data.gov.uk/id/region/united-kingdom,K02000001,1973-07,,quarterly,8692,,,,,1973-07-01
United Kingdom,http://landregistry.data.gov.uk/id/region/united-kingdom,K02000001,1973-08,,quarterly,8692,,,,,1973-08-01
United Kingdom,http://landregistry.data.gov.uk/id/region/united-kingdom,K02000001,1973-09,,quarterly,8692,,,,,1973-09-01
United Kingdom,http://landregistry.data.gov.uk/id/region/united-kingdom,K02000001,1973-10,,quarterly,8794,,,,,1973-10-01
United Kingdom,http://landregistry.data.gov.uk/id/region/united-kingdom,K02000001,1973-11,,quarterly,8794,,,,,1973-11-01
United Kingdom,http://landregistry.data.gov.uk/id/region/united-kingdom,K02000001,1973-12,,quarterly,8794,,,,,1973-12-01
United Kingdom,http://landregistry.data.gov.uk/id/region/united-kingdom,K02000001,1974-01,,quarterly,8915,,,,,1974-01-01
United Kingdom,http://landregistry.data.gov.uk/id/region/united-kingdom,K02000001,1974-02,,quarterly,8915,,,,,1974-02-01
United Kingdom,http://landregistry.data.gov.uk/id/region/united-kingdom,K02000001,1974-03,,quarterly,8915,,,,,1974-03-01
United Kingdom,http://landregistry.data.gov.uk/id/region/united-kingdom,K02000001,1974-04,,quarterly,8936,,,,,1974-04-01
United Kingdom,http://landregistry.data.gov.uk/id/region/united-kingdom,K02000001,1974-05,,quarterly,8936,,,,,1974-05-01
United Kingdom,http://landregistry.data.gov.uk/id/region/united-kingdom,K02000001,1974-06,,quarterly,8936,,,,,1974-06-01
United Kingdom,http://landregistry.data.gov.uk/id/region/united-kingdom,K02000001,1974-07,,quarterly,9017,,,,,1974-07-01
United Kingdom,http://landregistry.data.gov.uk/id/region/united-kingdom,K02000001,1974-08,,quarterly,9017,,,,,1974-08-01
United Kingdom,http://landregistry.data.gov.uk/id/region/united-kingdom,K02000001,1974-09,,quarterly,9017,,,,,1974-09-01
United Kingdom,http://landregistry.data.gov.uk/id/region/united-kingdom,K02000001,1974-10,,quarterly,9139,,,,,1974-10-01
United Kingdom,http://landregistry.data.gov.uk/id/region/united-kingdom,K02000001,1974-11,,quarterly,9139,,,,,1974-11-01
United Kingdom,http://landregistry.data.gov.uk/id/region/united-kingdom,K02000001,1974-12,,quarterly,9139,,,,,1974-12-01
United Kingdom,http://landregistry.data.gov.uk/id/region/united-kingdom,K02000001,1975-01,,quarterly,9179,,,,,1975-01-01
United Kingdom,http://landregistry.data.gov.uk/id/region/united-kingdom,K02000001,1975-02,,quarterly,9179,,,,,1975-02-01
United Kingdom,http://landregistry.data.gov.uk/id/region/united-kingdom,K02000001,1975-03,,quarterly,9179,,,,,1975-03-01
United Kingdom,http://landregistry.data.gov.uk/id/region/united-kingdom,K02000001,1975-04,,quarterly,9423,,,,,1975-04-01
United Kingdom,http://landregistry.data.gov.uk/id/region/united-kingdom,K02000001,1975-05,,quarterly,9423,,,,,1975-05-01
United Kingdom,http://landregistry.data.gov.uk/id/region/united-kingdom,K02000001,1975-06,,quarterly,9423,,,,,1975-06-01
United Kingdom,http://landregistry.data.gov.uk/id/region/united-kingdom,K02000001,1975-07,,quarterly,9707,,,,,1975-07-01
United Kingdom,http://landregistry.data.gov.uk/id/region/united-kingdom,K02000001,1975-08,,quarterly,9707,,,,,1975-08-01
United Kingdom,http://landregistry.data.gov.uk/id/region/united-kingdom,K02000001,1975-09,,quarterly,9707,,,,,1975-09-01
United Kingdom,http://landregistry.data.gov.uk/id/region/united-kingdom,K02000001,1975-10,,quarterly,9809,,,,,1975-10-01
United Kingdom,http://landregistry.data.gov.uk/id/region/united-kingdom,K02000001,1975-11,,quarterly,9809,,,,,1975-11-01
United Kingdom,http://landregistry.data.gov.uk/id/region/united-kingdom,K02000001,1975-12,,quarterly,9809,,,,,1975-12-01
United Kingdom,http://landregistry.data.gov.uk/id/region/united-kingdom,K02000001,1976-01,,quarterly,10012,,,,,1976-01-01
United Kingdom,http://landregistry.data.gov.uk/id/region/united-kingdom,K02000001,1976-02,,quarterly,10012,,,,,1976-02-01
United Kingdom,http://landregistry.data.gov.uk/id/region/united-kingdom,K02000001,1976-03,,quarterly,10012,,,,,1976-03-01
United Kingdom,http://landregistry.data.gov.uk/id/region/united-kingdom,K02000001,1976-04,,quarterly,10276,,,,,1976-04-01
United Kingdom,http://landregistry.data.gov.uk/id/region/united-kingdom,K02000001,1976-05,,quarterly,10276,,,,,1976-05-01
United Kingdom,http://landregistry.data.gov.uk/id/region/united-kingdom,K02000001,1976-06,,quarterly,10276,,,,,1976-06-01
United Kingdom,http://landregistry.data.gov.uk/id/region/united-kingdom,K02000001,1976-07,,quarterly,10520,,,,,1976-07-01
United Kingdom,http://landregistry.data.gov.uk/id/region/united-kingdom,K02000001,1976-08,,quarterly,10520,,,,,1976-08-01
United Kingdom,http://landregistry.data.gov.uk/id/region/united-kingdom,K02000001,1976-09,,quarterly,10520,,,,,1976-09-01
United Kingdom,http://landregistry.data.gov.uk/id/region/united-kingdom,K02000001,1976-10,,quarterly,10682,,,,,1976-10-01
United Kingdom,http://landregistry.data.gov.uk/id/region/united-kingdom,K02000001,1976-11,,quarterly,10682,,,,,1976-11-01
United Kingdom,http://landregistry.data.gov.uk/id/region/united-kingdom,K02000001,1976-12,,quarterly,10682,,,,,1976-12-01
United Kingdom,http://landregistry.data.gov.uk/id/region/united-kingdom,K02000001,1977-01,,quarterly,10763,,,,,1977-01-01
United Kingdom,http://landregistry.data.gov.uk/id/region/united-kingdom,K02000001,1977-02,,quarterly,10763,,,,,1977-02-01
United Kingdom,http://landregistry.data.gov.uk/id/region/united-kingdom,K02000001,1977-03,,quarterly,10763,,,,,1977-03-01
United Kingdom,http://landregistry.data.gov.uk/id/region/united-kingdom,K02000001,1977-04,,quarterly,10926,,,,,1977-04-01
United Kingdom,http://landregistry.data.gov.uk/id/region/united-kingdom,K02000001,1977-05,,quarterly,10926,,,,,1977-05-01
United Kingdom,http://landregistry.data.gov.uk/id/region/united-kingdom,K02000001,1977-06,,quarterly,10926,,,,,1977-06-01
United Kingdom,http://landregistry.data.gov.uk/id/region/united-kingdom,K02000001,1977-07,,quarterly,11251,,,,,1977-07-01
United Kingdom,http://landregistry.data.gov.uk/id/region/united-kingdom,K02000001,1977-08,,quarterly,11251,,,,,1977-08-01
United Kingdom,http://landregistry.data.gov.uk/id/region/united-kingdom,K02000001,1977-09,,quarterly,11251,,,,,1977-09-01
United Kingdom,http://landregistry.data.gov.uk/id/region/united-kingdom,K02000001,1977-10,,quarterly,11596,,,,,1977-10-01
United Kingdom,http://landregistry.data.gov.uk/id/region/united-kingdom,K02000001,1977-11,,quarterly,11596,,,,,1977-11-01
United Kingdom,http://landregistry.data.gov.uk/id/region/united-kingdom,K02000001,1977-12,,quarterly,11596,,,,,1977-12-01
United Kingdom,http://landregistry.data.gov.uk/id/region/united-kingdom,K02000001,1978-01,,quarterly,11860,,,,,1978-01-01
United Kingdom,http://landregistry.data.gov.uk/id/region/united-kingdom,K02000001,1978-02,,quarterly,11860,,,,,1978-02-01
United Kingdom,http://landregistry.data.gov.uk/id/region/united-kingdom,K02000001,1978-03,,quarterly,11860,,,,,1978-03-01
United Kingdom,http://landregistry.data.gov.uk/id/region/united-kingdom,K02000001,1978-04,,quarterly,12429,,,,,1978-04-01
United Kingdom,http://landregistry.data.gov.uk/id/region/united-kingdom,K02000001,1978-05,,quarterly,12429,,,,,1978-05-01
United Kingdom,http://landregistry.data.gov.uk/id/region/united-kingdom,K02000001,1978-06,,quarterly,12429,,,,,1978-06-01
United Kingdom,http://landregistry.data.gov.uk/id/region/united-kingdom,K02000001,1978-07,,quarterly,13302,,,,,1978-07-01
United Kingdom,http://landregistry.data.gov.uk/id/region/united-kingdom,K02000001,1978-08,,quarterly,13302,,,,,1978-08-01
United Kingdom,http://landregistry.data.gov.uk/id/region/united-kingdom,K02000001,1978-09,,quarterly,13302,,,,,1978-09-01
United Kingdom,http://landregistry.data.gov.uk/id/region/united-kingdom,K02000001,1978-10,,quarterly,14236,,,,,1978-10-01
United Kingdom,http://landregistry.data.gov.uk/id/region/united-kingdom,K02000001,1978-11,,quarterly,14236,,,,,1978-11-01
United Kingdom,http://landregistry.data.gov.uk/id/region/united-kingdom,K02000001,1978-12,,quarterly,14236,,,,,1978-12-01
United Kingdom,http://landregistry.data.gov.uk/id/region/united-kingdom,K02000001,1979-01,,quarterly,14988,,,,,1979-01-01
United Kingdom,http://landregistry.data.gov.uk/id/region/united-kingdom,K02000001,1979-02,,quarterly,14988,,,,,1979-02-01
United Kingdom,http://landregistry.data.gov.uk/id/region/united-kingdom,K02000001,1979-03,,quarterly,14988,,,,,1979-03-01
United Kingdom,http://landregistry.data.gov.uk/id/region/united-kingdom,K02000001,1979-04,,quarterly,16145,,,,,1979-04-01
United Kingdom,http://landregistry.data.gov.uk/id/region/united-kingdom,K02000001,1979-05,,quarterly,16145,,,,,1979-05-01
United Kingdom,http://landregistry.data.gov.uk/id/region/united-kingdom,K02000001,1979-06,,quarterly,16145,,,,,1979-06-01
United Kingdom,http://landregistry.data.gov.uk/id/region/united-kingdom,K02000001,1979-07,,quarterly,17384,,,,,1979-07-01
United Kingdom,http://landregistry.data.gov.uk/id/region/united-kingdom,K02000001,1979-08,,quarterly,17384,,,,,1979-08-01
United Kingdom,http://landregistry.data.gov.uk/id/region/united-kingdom,K02000001,1979-09,,quarterly,17384,,,,,1979-09-01
United Kingdom,http://landregistry.data.gov.uk/id/region/united-kingdom,K02000001,1979-10,,quarterly,18542,,,,,1979-10-01
United Kingdom,http://landregistry.data.gov.uk/id/region/united-kingdom,K02000001,1979-11,,quarterly,18542,,,,,1979-11-01
United Kingdom,http://landregistry.data.gov.uk/id/region/united-kingdom,K02000001,1979-12,,quarterly,18542,,,,,1979-12-01
United Kingdom,http://landregistry.data.gov.uk/id/region/united-kingdom,K02000001,1980-01,,quarterly,19273,,,,,1980-01-01
United Kingdom,http://landregistry.data.gov.uk/id/region/united-kingdom,K02000001,1980-02,,quarterly,19273,,,,,1980-02-01
United Kingdom,http://landregistry.data.gov.uk/id/region/united-kingdom,K02000001,1980-03,,quarterly,19273,,,,,1980-03-01
United Kingdom,http://landregistry.data.gov.uk/id/region/united-kingdom,K02000001,1980-04,,quarterly,20044,,,,,1980-04-01
United Kingdom,http://landregistry.data.gov.uk/id/region/united-kingdom,K02000001,1980-05,,quarterly,20044,,,,,1980-05-01
United Kingdom,http://landregistry.data.gov.uk/id/region/united-kingdom,K02000001,1980-06,,quarterly,20044,,,,,1980-06-01
United Kingdom,http://landregistry.data.gov.uk/id/region/united-kingdom,K02000001,1980-07,,quarterly,20857,,,,,1980-07-01
United Kingdom,http://landregistry.data.gov.uk/id/region/united-kingdom,K02000001,1980-08,,quarterly,20857,,,,,1980-08-01
United Kingdom,http://landregistry.data.gov.uk/id/region/united-kingdom,K02000001,1980-09,,quarterly,20857,,,,,1980-09-01
United Kingdom,http://landregistry.data.gov.uk/id/region/united-kingdom,K02000001,1980-10,,quarterly,20897,,,,,1980-10-01
United Kingdom,http://landregistry.data.gov.uk/id/region/united-kingdom,K02000001,1980-11,,quarterly,20897,,,,,1980-11-01
United Kingdom,http://landregistry.data.gov.uk/id/region/united-kingdom,K02000001,1980-12,,quarterly,20897,,,,,1980-12-01
United Kingdom,http://landregistry.data.gov.uk/id/region/united-kingdom,K02000001,1981-01,,quarterly,20938,,,,,1981-01-01
United Kingdom,http://landregistry.data.gov.uk/id/region/united-kingdom,K02000001,1981-02,,quarterly,20938,,,,,1981-02-01
United Kingdom,http://landregistry.data.gov.uk/id/region/united-kingdom,K02000001,1981-03,,quarterly,20938,,,,,1981-03-01
United Kingdom,http://landregistry.data.gov.uk/id/region/united-kingdom,K02000001,1981-04,,quarterly,21507,,,,,1981-04-01
United Kingdom,http://landregistry.data.gov.uk/id/region/united-kingdom,K02000001,1981-05,,quarterly,21507,,,,,1981-05-01
United Kingdom,http://landregistry.data.gov.uk/id/region/united-kingdom,K02000001,1981-06,,quarterly,21507,,,,,1981-06-01
United Kingdom,http://landregistry.data.gov.uk/id/region/united-kingdom,K02000001,1981-07,,quarterly,21852,,,,,1981-07-01
United Kingdom,http://landregistry.data.gov.uk/id/region/united-kingdom,K02000001,1981-08,,quarterly,21852,,,,,1981-08-01
United Kingdom,http://landregistry.data.gov.uk/id/region/united-kingdom,K02000001,1981-09,,quarterly,21852,,,,,1981-09-01
United Kingdom,http://landregistry.data.gov.uk/id/region/united-kingdom,K02000001,1981-10,,quarterly,21425,,,,,1981-10-01
United Kingdom,http://landregistry.data.gov.uk/id/region/united-kingdom,K02000001,1981-11,,quarterly,21425,,,,,1981-11-01
United Kingdom,http://landregistry.data.gov.uk/id/region/united-kingdom,K02000001,1981-12,,quarterly,21425,,,,,1981-12-01
United Kingdom,http://landregistry.data.gov.uk/id/region/united-kingdom,K02000001,1982-01,,quarterly,20897,,,,,1982-01-01
United Kingdom,http://landregistry.data.gov.uk/id/region/united-kingdom,K02000001,1982-02,,quarterly,20897,,,,,1982-02-01
United Kingdom,http://landregistry.data.gov.uk/id/region/united-kingdom,K02000001,1982-03,,quarterly,20897,,,,,1982-03-01
United Kingdom,http://landregistry.data.gov.uk/id/region/united-kingdom,K02000001,1982-04,,quarterly,21811,,,,,1982-04-01
United Kingdom,http://landregistry.data.gov.uk/id/region/united-kingdom,K02000001,1982-05,,quarterly,21811,,,,,1982-05-01
United Kingdom,http://landregistry.data.gov.uk/id/region/united-kingdom,K02000001,1982-06,,quarterly,21811,,,,,1982-06-01
United Kingdom,http://landregistry.data.gov.uk/id/region/united-kingdom,K02000001,1982-07,,quarterly,22360,,,,,1982-07-01
United Kingdom,http://landregistry.data.gov.uk/id/region/united-kingdom,K02000001,1982-08,,quarterly,22360,,,,,1982-08-01
United Kingdom,http://landregistry.data.gov.uk/id/region/united-kingdom,K02000001,1982-09,,quarterly,22360,,,,,1982-09-01
United Kingdom,http://landregistry.data.gov.uk/id/region/united-kingdom,K02000001,1982-10,,quarterly,22685,,,,,1982-10-01
United Kingdom,http://landregistry.data.gov.uk/id/region/united-kingdom,K02000001,1982-11,,quarterly,22685,,,,,1982-11-01
United Kingdom,http://landregistry.data.gov.uk/id/region/united-kingdom,K02000001,1982-12,,quarterly,22685,,,,,1982-12-01
United Kingdom,http://landregistry.data.gov.uk/id/region/united-kingdom,K02000001,1983-01,,quarterly,23355,,,,,1983-01-01
United Kingdom,http://landregistry.data.gov.uk/id/region/united-kingdom,K02000001,1983-02,,quarterly,23355,,,,,1983-02-01
United Kingdom,http://landregistry.data.gov.uk/id/region/united-kingdom,K02000001,1983-03,,quarterly,23355,,,,,1983-03-01
United Kingdom,http://landregistry.data.gov.uk/id/region/united-kingdom,K02000001,1983-04,,quarterly,24167,,,,,1983-04-01
United Kingdom,http://landregistry.data.gov.uk/id/region/united-kingdom,K02000001,1983-05,,quarterly,24167,,,,,1983-05-01
United Kingdom,http://landregistry.data.gov.uk/id/region/united-kingdom,K02000001,1983-06,,quarterly,24167,,,,,1983-06-01
United Kingdom,http://landregistry.data.gov.uk/id/region/united-kingdom,K02000001,1983-07,,quarterly,25183,,,,,1983-07-01
United Kingdom,http://landregistry.data.gov.uk/id/region/united-kingdom,K02000001,1983-08,,quarterly,25183,,,,,1983-08-01
United Kingdom,http://landregistry.data.gov.uk/id/region/united-kingdom,K02000001,1983-09,,quarterly,25183,,,,,1983-09-01
United Kingdom,http://landregistry.data.gov.uk/id/region/united-kingdom,K02000001,1983-10,,quarterly,25386,,,,,1983-10-01
United Kingdom,http://landregistry.data.gov.uk/id/region/united-kingdom,K02000001,1983-11,,quarterly,25386,,,,,1983-11-01
United Kingdom,http://landregistry.data.gov.uk/id/region/united-kingdom,K02000001,1983-12,,quarterly,25386,,,,,1983-12-01
United Kingdom,http://landregistry.data.gov.uk/id/region/united-kingdom,K02000001,1984-01,,quarterly,25589,,,,,1984-01-01
United Kingdom,http://landregistry.data.gov.uk/id/region/united-kingdom,K02000001,1984-02,,quarterly,25589,,,,,1984-02-01
United Kingdom,http://landregistry.data.gov.uk/id/region/united-kingdom,K02000001,1984-03,,quarterly,25589,,,,,1984-03-01
United Kingdom,http://landregistry.data.gov.uk/id/region/united-kingdom,K02000001,1984-04,,quarterly,26401,,,,,1984-04-01
United Kingdom,http://landregistry.data.gov.uk/id/region/united-kingdom,K02000001,1984-05,,quarterly,26401,,,,,1984-05-01
United Kingdom,http://landregistry.data.gov.uk/id/region/united-kingdom,K02000001,1984-06,,quarterly,26401,,,,,1984-06-01
United Kingdom,http://landregistry.data.gov.uk/id/region/united-kingdom,K02000001,1984-07,,quarterly,27416,,,,,1984-07-01
United Kingdom,http://landregistry.data.gov.uk/id/region/united-kingdom,K02000001,1984-08,,quarterly,27416,,,,,1984-08-01
United Kingdom,http://landregistry.data.gov.uk/id/region/united-kingdom,K02000001,1984-09,,quarterly,27416,,,,,1984-09-01
United Kingdom,http://landregistry.data.gov.uk/id/region/united-kingdom,K02000001,1984-10,,quarterly,27823,,,,,1984-10-01
United Kingdom,http://landregistry.data.gov.uk/id/region/united-kingdom,K02000001,1984-11,,quarterly,27823,,,,,1984-11-01
United Kingdom,http://landregistry.data.gov.uk/id/region/united-kingdom,K02000001,1984-12,,quarterly,27823,,,,,1984-12-01
United Kingdom,http://landregistry.data.gov.uk/id/region/united-kingdom,K02000001,1985-01,,quarterly,27823,,,,,1985-01-01
United Kingdom,http://landregistry.data.gov.uk/id/region/united-kingdom,K02000001,1985-02,,quarterly,27823,,,,,1985-02-01
United Kingdom,http://landregistry.data.gov.uk/id/region/united-kingdom,K02000001,1985-03,,quarterly,27823,,,,,1985-03-01
United Kingdom,http://landregistry.data.gov.uk/id/region/united-kingdom,K02000001,1985-04,,quarterly,28838,,,,,1985-04-01
United Kingdom,http://landregistry.data.gov.uk/id/region/united-kingdom,K02000001,1985-05,,quarterly,28838,,,,,1985-05-01
United Kingdom,http://landregistry.data.gov.uk/id/region/united-kingdom,K02000001,1985-06,,quarterly,28838,,,,,1985-06-01
United Kingdom,http://landregistry.data.gov.uk/id/region/united-kingdom,K02000001,1985-07,,quarterly,29447,,,,,1985-07-01
United Kingdom,http://landregistry.data.gov.uk/id/region/united-kingdom,K02000001,1985-08,,quarterly,29447,,,,,1985-08-01
United Kingdom,http://landregistry.data.gov.uk/id/region/united-kingdom,K02000001,1985-09,,quarterly,29447,,,,,1985-09-01
United Kingdom,http://landregistry.data.gov.uk/id/region/united-kingdom,K02000001,1985-10,,quarterly,30463,,,,,1985-10-01
United Kingdom,http://landregistry.data.gov.uk/id/region/united-kingdom,K02000001,1985-11,,quarterly,30463,,,,,1985-11-01
United Kingdom,http://landregistry.data.gov.uk/id/region/united-kingdom,K02000001,1985-12,,quarterly,30463,,,,,1985-12-01
United Kingdom,http://landregistry.data.gov.uk/id/region/united-kingdom,K02000001,1986-01,,quarterly,31072,,,,,1986-01-01
United Kingdom,http://landregistry.data.gov.uk/id/region/united-kingdom,K02000001,1986-02,,quarterly,31072,,,,,1986-02-01
United Kingdom,http://landregistry.data.gov.uk/id/region/united-kingdom,K02000001,1986-03,,quarterly,31072,,,,,1986-03-01
United Kingdom,http://landregistry.data.gov.uk/id/region/united-kingdom,K02000001,1986-04,,quarterly,32494,,,,,1986-04-01
United Kingdom,http://landregistry.data.gov.uk/id/region/united-kingdom,K02000001,1986-05,,quarterly,32494,,,,,1986-05-01
United Kingdom,http://landregistry.data.gov.uk/id/region/united-kingdom,K02000001,1986-06,,quarterly,32494,,,,,1986-06-01
United Kingdom,http://landregistry.data.gov.uk/id/region/united-kingdom,K02000001,1986-07,,quarterly,33915,,,,,1986-07-01
United Kingdom,http://landregistry.data.gov.uk/id/region/united-kingdom,K02000001,1986-08,,quarterly,33915,,,,,1986-08-01
United Kingdom,http://landregistry.data.gov.uk/id/region/united-kingdom,K02000001,1986-09,,quarterly,33915,,,,,1986-09-01
United Kingdom,http://landregistry.data.gov.uk/id/region/united-kingdom,K02000001,1986-10,,quarterly,34931,,,,,1986-10-01
United Kingdom,http://landregistry.data.gov.uk/id/region/united-kingdom,K02000001,1986-11,,quarterly,34931,,,,,1986-11-01
United Kingdom,http://landregistry.data.gov.uk/id/region/united-kingdom,K02000001,1986-12,,quarterly,34931,,,,,1986-12-01
United Kingdom,http://landregistry.data.gov.uk/id/region/united-kingdom,K02000001,1987-01,,quarterly,35946,,,,,1987-01-01
United Kingdom,http://landregistry.data.gov.uk/id/region/united-kingdom,K02000001,1987-02,,quarterly,35946,,,,,1987-02-01
United Kingdom,http://landregistry.data.gov.uk/id/region/united-kingdom,K02000001,1987-03,,quarterly,35946,,,,,1987-03-01
United Kingdom,http://landregistry.data.gov.uk/id/region/united-kingdom,K02000001,1987-04,,quarterly,37571,,,,,1987-04-01
United Kingdom,http://landregistry.data.gov.uk/id/region/united-kingdom,K02000001,1987-05,,quarterly,37571,,,,,1987-05-01
United Kingdom,http://landregistry.data.gov.uk/id/region/united-kingdom,K02000001,1987-06,,quarterly,37571,,,,,1987-06-01
United Kingdom,http://landregistry.data.gov.uk/id/region/united-kingdom,K02000001,1987-07,,quarterly,39398,,,,,1987-07-01
United Kingdom,http://landregistry.data.gov.uk/id/region/united-kingdom,K02000001,1987-08,,quarterly,39398,,,,,1987-08-01
United Kingdom,http://landregistry.data.gov.uk/id/region/united-kingdom,K02000001,1987-09,,quarterly,39398,,,,,1987-09-01
United Kingdom,http://landregistry.data.gov.uk/id/region/united-kingdom,K02000001,1987-10,,quarterly,41732,,,,,1987-10-01
United Kingdom,http://landregistry.data.gov.uk/id/region/united-kingdom,K02000001,1987-11,,quarterly,41732,,,,,1987-11-01
United Kingdom,http://landregistry.data.gov.uk/id/region/united-kingdom,K02000001,1987-12,,quarterly,41732,,,,,1987-12-01
United Kingdom,http://landregistry.data.gov.uk/id/region/united-kingdom,K02000001,1988-01,,quarterly,43483,,,,,1988-01-01
United Kingdom,http://landregistry.data.gov.uk/id/region/united-kingdom,K02000001,1988-02,,quarterly,43483,,,,,1988-02-01
United Kingdom,http://landregistry.data.gov.uk/id/region/united-kingdom,K02000001,1988-03,,quarterly,43483,,,,,1988-03-01
United Kingdom,http://landregistry.data.gov.uk/id/region/united-kingdom,K02000001,1988-04,,quarterly,46109,,,,,1988-04-01
United Kingdom,http://landregistry.data.gov.uk/id/region/united-kingdom,K02000001,1988-05,,quarterly,46109,,,,,1988-05-01
United Kingdom,http://landregistry.data.gov.uk/id/region/united-kingdom,K02000001,1988-06,,quarterly,46109,,,,,1988-06-01
United Kingdom,http://landregistry.data.gov.uk/id/region/united-kingdom,K02000001,1988-07,,quarterly,52238,,,,,1988-07-01
United Kingdom,http://landregistry.data.gov.uk/id/region/united-kingdom,K02000001,1988-08,,quarterly,52238,,,,,1988-08-01
United Kingdom,http://landregistry.data.gov.uk/id/region/united-kingdom,K02000001,1988-09,,quarterly,52238,,,,,1988-09-01
United Kingdom,http://landregistry.data.gov.uk/id/region/united-kingdom,K02000001,1988-10,,quarterly,55448,,,,,1988-10-01
United Kingdom,http://landregistry.data.gov.uk/id/region/united-kingdom,K02000001,1988-11,,quarterly,55448,,,,,1988-11-01
United Kingdom,http://landregistry.data.gov.uk/id/region/united-kingdom,K02000001,1988-12,,quarterly,55448,,,,,1988-12-01
United Kingdom,http://landregistry.data.gov.uk/id/region/united-kingdom,K02000001,1989-01,,quarterly,56615,,,,,1989-01-01
United Kingdom,http://landregistry.data.gov.uk/id/region/united-kingdom,K02000001,1989-02,,quarterly,56615,,,,,1989-02-01
United Kingdom,http://landregistry.data.gov.uk/id/region/united-kingdom,K02000001,1989-03,,quarterly,56615,,,,,1989-03-01
United Kingdom,http://landregistry.data.gov.uk/id/region/united-kingdom,K02000001,1989-04,,quarterly,58658,,,,,1989-04-01
United Kingdom,http://landregistry.data.gov.uk/id/region/united-kingdom,K02000001,1989-05,,quarterly,58658,,,,,1989-05-01
United Kingdom,http://landregistry.data.gov.uk/id/region/united-kingdom,K02000001,1989-06,,quarterly,58658,,,,,1989-06-01
United Kingdom,http://landregistry.data.gov.uk/id/region/united-kingdom,K02000001,1989-07,,quarterly,60701,,,,,1989-07-01
United Kingdom,http://landregistry.data.gov.uk/id/region/united-kingdom,K02000001,1989-08,,quarterly,60701,,,,,1989-08-01
United Kingdom,http://landregistry.data.gov.uk/id/region/united-kingdom,K02000001,1989-09,,quarterly,60701,,,,,1989-09-01
United Kingdom,http://landregistry.data.gov.uk/id/region/united-kingdom,K02000001,1989-10,,quarterly,59533,,,,,1989-10-01
United Kingdom,http://landregistry.data.gov.uk/id/region/united-kingdom,K02000001,1989-11,,quarterly,59533,,,,,1989-11-01
United Kingdom,http://landregistry.data.gov.uk/id/region/united-kingdom,K02000001,1989-12,,quarterly,59533,,,,,1989-12-01
United Kingdom,http://landregistry.data.gov.uk/id/region/united-kingdom,K02000001,1990-01,,quarterly,58250,,,,,1990-01-01
United Kingdom,http://landregistry.data.gov.uk/id/region/united-kingdom,K02000001,1990-02,,quarterly,58250,,,,,1990-02-01
United Kingdom,http://landregistry.data.gov.uk/id/region/united-kingdom,K02000001,1990-03,,quarterly,58250,,,,,1990-03-01
United Kingdom,http://landregistry.data.gov.uk/id/region/united-kingdom,K02000001,1990-04,,quarterly,57726,,,,,1990-04-01
United Kingdom,http://landregistry.data.gov.uk/id/region/united-kingdom,K02000001,1990-05,,quarterly,57726,,,,,1990-05-01
United Kingdom,http://landregistry.data.gov.uk/id/region/united-kingdom,K02000001,1990-06,,quarterly,57726,,,,,1990-06-01
United Kingdom,http://landregistry.data.gov.uk/id/region/united-kingdom,K02000001,1990-07,,quarterly,58773,,,,,1990-07-01
United Kingdom,http://landregistry.data.gov.uk/id/region/united-kingdom,K02000001,1990-08,,quarterly,58773,,,,,1990-08-01
United Kingdom,http://landregistry.data.gov.uk/id/region/united-kingdom,K02000001,1990-09,,quarterly,58773,,,,,1990-09-01
United Kingdom,http://landregistry.data.gov.uk/id/region/united-kingdom,K02000001,1990-10,,quarterly,57901,,,,,1990-10-01
United Kingdom,http://landregistry.data.gov.uk/id/region/united-kingdom,K02000001,1990-11,,quarterly,57901,,,,,1990-11-01
United Kingdom,http://landregistry.data.gov.uk/id/region/united-kingdom,K02000001,1990-12,,quarterly,57901,,,,,1990-12-01
United Kingdom,http://landregistry.data.gov.uk/id/region/united-kingdom,K02000001,1991-01,,quarterly,57086,,,,,1991-01-01
United Kingdom,http://landregistry.data.gov.uk/id/region/united-kingdom,K02000001,1991-02,,quarterly,57086,,,,,1991-02-01
United Kingdom,http://landregistry.data.gov.uk/id/region/united-kingdom,K02000001,1991-03,,quarterly,57086,,,,,1991-03-01
United Kingdom,http://landregistry.data.gov.uk/id/region/united-kingdom,K02000001,1991-04,,quarterly,56853,,,,,1991-04-01
United Kingdom,http://landregistry.data.gov.uk/id/region/united-kingdom,K02000001,1991-05,,quarterly,56853,,,,,1991-05-01
United Kingdom,http://landregistry.data.gov.uk/id/region/united-kingdom,K02000001,1991-06,,quarterly,56853,,,,,1991-06-01
United Kingdom,http://landregistry.data.gov.uk/id/region/united-kingdom,K02000001,1991-07,,quarterly,57959,,,,,1991-07-01
United Kingdom,http://landregistry.data.gov.uk/id/region/united-kingdom,K02000001,1991-08,,quarterly,57959,,,,,1991-08-01
United Kingdom,http://landregistry.data.gov.uk/id/region/united-kingdom,K02000001,1991-09,,quarterly,57959,,,,,1991-09-01
United Kingdom,http://landregistry.data.gov.uk/id/region/united-kingdom,K02000001,1991-10,,quarterly,57435,,,,,1991-10-01
United Kingdom,http://landregistry.data.gov.uk/id/region/united-kingdom,K02000001,1991-11,,quarterly,57435,,,,,1991-11-01
United Kingdom,http://landregistry.data.gov.uk/id/region/united-kingdom,K02000001,1991-12,,quarterly,57435,,,,,1991-12-01
United Kingdom,http://landregistry.data.gov.uk/id/region/united-kingdom,K02000001,1992-01,,quarterly,56504,,,,,1992-01-01
United Kingdom,http://landregistry.data.gov.uk/id/region/united-kingdom,K02000001,1992-02,,quarterly,56504,,,,,1992-02-01
United Kingdom,http://landregistry.data.gov.uk/id/region/united-kingdom,K02000001,1992-03,,quarterly,56504,,,,,1992-03-01
United Kingdom,http://landregistry.data.gov.uk/id/region/united-kingdom,K02000001,1992-04,,quarterly,55166,,,,,1992-04-01
United Kingdom,http://landregistry.data.gov.uk/id/region/united-kingdom,K02000001,1992-05,,quarterly,55166,,,,,1992-05-01
United Kingdom,http://landregistry.data.gov.uk/id/region/united-kingdom,K02000001,1992-06,,quarterly,55166,,,,,1992-06-01
United Kingdom,http://landregistry.data.gov.uk/id/region/united-kingdom,K02000001,1992-07,,quarterly,55328,,,,,1992-07-01
United Kingdom,http://landregistry.data.gov.uk/id/region/united-kingdom,K02000001,1992-08,,quarterly,55328,,,,,1992-08-01
United Kingdom,http://landregistry.data.gov.uk/id/region/united-kingdom,K02000001,1992-09,,quarterly,55328,,,,,1992-09-01
United Kingdom,http://landregistry.data.gov.uk/id/region/united-kingdom,K02000001,1992-10,,quarterly,53213,,,,,1992-10-01
United Kingdom,http://landregistry.data.gov.uk/id/region/united-kingdom,K02000001,1992-11,,quarterly,53213,,,,,1992-11-01
United Kingdom,http://landregistry.data.gov.uk/id/region/united-kingdom,K02000001,1992-12,,quarterly,53213,,,,,1992-12-01
United Kingdom,http://landregistry.data.gov.uk/id/region/united-kingdom,K02000001,1993-01,,quarterly,53484,,,,,1993-01-01
United Kingdom,http://landregistry.data.gov.uk/id/region/united-kingdom,K02000001,1993-02,,quarterly,53484,,,,,1993-02-01
United Kingdom,http://landregistry.data.gov.uk/id/region/united-kingdom,K02000001,1993-03,,quarterly,53484,,,,,1993-03-01
United Kingdom,http://landregistry.data.gov.uk/id/region/united-kingdom,K02000001,1993-04,,quarterly,53918,,,,,1993-04-01
United Kingdom,http://landregistry.data.gov.uk/id/region/united-kingdom,K02000001,1993-05,,quarterly,53918,,,,,1993-05-01
United Kingdom,http://landregistry.data.gov.uk/id/region/united-kingdom,K02000001,1993-06,,quarterly,53918,,,,,1993-06-01
United Kingdom,http://landregistry.data.gov.uk/id/region/united-kingdom,K02000001,1993-07,,quarterly,55057,,,,,1993-07-01
United Kingdom,http://landregistry.data.gov.uk/id/region/united-kingdom,K02000001,1993-08,,quarterly,55057,,,,,1993-08-01
United Kingdom,http://landregistry.data.gov.uk/id/region/united-kingdom,K02000001,1993-09,,quarterly,55057,,,,,1993-09-01
United Kingdom,http://landregistry.data.gov.uk/id/region/united-kingdom,K02000001,1993-10,,quarterly,54026,,,,,1993-10-01
United Kingdom,http://landregistry.data.gov.uk/id/region/united-kingdom,K02000001,1993-11,,quarterly,54026,,,,,1993-11-01
United Kingdom,http://landregistry.data.gov.uk/id/region/united-kingdom,K02000001,1993-12,,quarterly,54026,,,,,1993-12-01
United Kingdom,http://landregistry.data.gov.uk/id/region/united-kingdom,K02000001,1994-01,,quarterly,54623,,,,,1994-01-01
United Kingdom,http://landregistry.data.gov.uk/id/region/united-kingdom,K02000001,1994-02,,quarterly,54623,,,,,1994-02-01
United Kingdom,http://landregistry.data.gov.uk/id/region/united-kingdom,K02000001,1994-03,,quarterly,54623,,,,,1994-03-01
United Kingdom,http://landregistry.data.gov.uk/id/region/united-kingdom,K02000001,1994-04,,quarterly,55383,,,,,1994-04-01
United Kingdom,http://landregistry.data.gov.uk/id/region/united-kingdom,K02000001,1994-05,,quarterly,55383,,,,,1994-05-01
United Kingdom,http://landregistry.data.gov.uk/id/region/united-kingdom,K02000001,1994-06,,quarterly,55383,,,,,1994-06-01
United Kingdom,http://landregistry.data.gov.uk/id/region/united-kingdom,K02000001,1994-07,,quarterly,56305,,,,,1994-07-01
United Kingdom,http://landregistry.data.gov.uk/id/region/united-kingdom,K02000001,1994-08,,quarterly,56305,,,,,1994-08-01
United Kingdom,http://landregistry.data.gov.uk/id/region/united-kingdom,K02000001,1994-09,,quarterly,56305,,,,,1994-09-01
United Kingdom,http://landregistry.data.gov.uk/id/region/united-kingdom,K02000001,1994-10,,quarterly,55925,,,,,1994-10-01
United Kingdom,http://landregistry.data.gov.uk/id/region/united-kingdom,K02000001,1994-11,,quarterly,55925,,,,,1994-11-01
United Kingdom,http://landregistry.data.gov.uk/id/region/united-kingdom,K02000001,1994-12,,quarterly,55925,,,,,1994-12-01
United Kingdom,http://landregistry.data.gov.uk/id/region/united-kingdom,K02000001,1995-01,,quarterly,55437,,,,,1995-01-01
United Kingdom,http://landregistry.data.gov.uk/id/region/united-kingdom,K02000001,1995-02,,quarterly,55437,,,,,1995-02-01
United Kingdom,http://landregistry.data.gov.uk/id/region/united-kingdom,K02000001,1995-03,,quarterly,55437,,,,,1995-03-01
United Kingdom,http://landregistry.data.gov.uk/id/region/united-kingdom,K02000001,1995-04,,quarterly,56033,,,,,1995-04-01
United Kingdom,http://landregistry.data.gov.uk/id/region/united-kingdom,K02000001,1995-05,,quarterly,56033,,,,,1995-05-01
United Kingdom,http://landregistry.data.gov.uk/id/region/united-kingdom,K02000001,1995-06,,quarterly,56033,,,,,1995-06-01
United Kingdom,http://landregistry.data.gov.uk/id/region/united-kingdom,K02000001,1995-07,,quarterly,56522,,,,,1995-07-01
United Kingdom,http://landregistry.data.gov.uk/id/region/united-kingdom,K02000001,1995-08,,quarterly,56522,,,,,1995-08-01
United Kingdom,http://landregistry.data.gov.uk/id/region/united-kingdom,K02000001,1995-09,,quarterly,56522,,,,,1995-09-01
United Kingdom,http://landregistry.data.gov.uk/id/region/united-kingdom,K02000001,1995-10,,quarterly,55762,,,,,1995-10-01
United Kingdom,http://landregistry.data.gov.uk/id/region/united-kingdom,K02000001,1995-11,,quarterly,55762,,,,,1995-11-01
United Kingdom,http://landregistry.data.gov.uk/id/region/united-kingdom,K02000001,1995-12,,quarterly,55762,,,,,1995-12-01
United Kingdom,http://landregistry.data.gov.uk/id/region/united-kingdom,K02000001,1996-01,,quarterly,56576,,,,,1996-01-01
United Kingdom,http://landregistry.data.gov.uk/id/region/united-kingdom,K02000001,1996-02,,quarterly,56576,,,,,1996-02-01
United Kingdom,http://landregistry.data.gov.uk/id/region/united-kingdom,K02000001,1996-03,,quarterly,56576,,,,,1996-03-01
United Kingdom,http://landregistry.data.gov.uk/id/region/united-kingdom,K02000001,1996-04,,quarterly,56630,,,,,1996-04-01
United Kingdom,http://landregistry.data.gov.uk/id/region/united-kingdom,K02000001,1996-05,,quarterly,56630,,,,,1996-05-01
United Kingdom,http://landregistry.data.gov.uk/id/region/united-kingdom,K02000001,1996-06,,quarterly,56630,,,,,1996-06-01
United Kingdom,http://landregistry.data.gov.uk/id/region/united-kingdom,K02000001,1996-07,,quarterly,58854,,,,,1996-07-01
United Kingdom,http://landregistry.data.gov.uk/id/region/united-kingdom,K02000001,1996-08,,quarterly,58854,,,,,1996-08-01
United Kingdom,http://landregistry.data.gov.uk/id/region/united-kingdom,K02000001,1996-09,,quarterly,58854,,,,,1996-09-01
United Kingdom,http://landregistry.data.gov.uk/id/region/united-kingdom,K02000001,1996-10,,quarterly,59885,,,,,1996-10-01
United Kingdom,http://landregistry.data.gov.uk/id/region/united-kingdom,K02000001,1996-11,,quarterly,59885,,,,,1996-11-01
United Kingdom,http://landregistry.data.gov.uk/id/region/united-kingdom,K02000001,1996-12,,quarterly,59885,,,,,1996-12-01
United Kingdom,http://landregistry.data.gov.uk/id/region/united-kingdom,K02000001,1997-01,,quarterly,60698,,,,,1997-01-01
United Kingdom,http://landregistry.data.gov.uk/id/region/united-kingdom,K02000001,1997-02,,quarterly,60698,,,,,1997-02-01
United Kingdom,http://landregistry.data.gov.uk/id/region/united-kingdom,K02000001,1997-03,,quarterly,60698,,,,,1997-03-01
United Kingdom,http://landregistry.data.gov.uk/id/region/united-kingdom,K02000001,1997-04,,quarterly,61946,,,,,1997-04-01
United Kingdom,http://landregistry.data.gov.uk/id/region/united-kingdom,K02000001,1997-05,,quarterly,61946,,,,,1997-05-01
United Kingdom,http://landregistry.data.gov.uk/id/region/united-kingdom,K02000001,1997-06,,quarterly,61946,,,,,1997-06-01
United Kingdom,http://landregistry.data.gov.uk/id/region/united-kingdom,K02000001,1997-07,,quarterly,65092,,,,,1997-07-01
United Kingdom,http://landregistry.data.gov.uk/id/region/united-kingdom,K02000001,1997-08,,quarterly,65092,,,,,1997-08-01
United Kingdom,http://landregistry.data.gov.uk/id/region/united-kingdom,K02000001,1997-09,,quarterly,65092,,,,,1997-09-01
United Kingdom,http://landregistry.data.gov.uk/id/region/united-kingdom,K02000001,1997-10,,quarterly,64604,,,,,1997-10-01
United Kingdom,http://landregistry.data.gov.uk/id/region/united-kingdom,K02000001,1997-11,,quarterly,64604,,,,,1997-11-01
United Kingdom,http://landregistry.data.gov.uk/id/region/united-kingdom,K02000001,1997-12,,quarterly,64604,,,,,1997-12-01
United Kingdom,http://landregistry.data.gov.uk/id/region/united-kingdom,K02000001,1998-01,,quarterly,66231,,,,,1998-01-01
United Kingdom,http://landregistry.data.gov.uk/id/region/united-kingdom,K02000001,1998-02,,quarterly,66231,,,,,1998-02-01
United Kingdom,http://landregistry.data.gov.uk/id/region/united-kingdom,K02000001,1998-03,,quarterly,66231,,,,,1998-03-01
United Kingdom,http://landregistry.data.gov.uk/id/region/united-kingdom,K02000001,1998-04,,quarterly,69757,,,,,1998-04-01
United Kingdom,http://landregistry.data.gov.uk/id/region/united-kingdom,K02000001,1998-05,,quarterly,69757,,,,,1998-05-01
United Kingdom,http://landregistry.data.gov.uk/id/region/united-kingdom,K02000001,1998-06,,quarterly,69757,,,,,1998-06-01
United Kingdom,http://landregistry.data.gov.uk/id/region/united-kingdom,K02000001,1998-07,,quarterly,72795,,,,,1998-07-01
United Kingdom,http://landregistry.data.gov.uk/id/region/united-kingdom,K02000001,1998-08,,quarterly,72795,,,,,1998-08-01
United Kingdom,http://landregistry.data.gov.uk/id/region/united-kingdom,K02000001,1998-09,,quarterly,72795,,,,,1998-09-01
United Kingdom,http://landregistry.data.gov.uk/id/region/united-kingdom,K02000001,1998-10,,quarterly,72469,,,,,1998-10-01
United Kingdom,http://landregistry.data.gov.uk/id/region/united-kingdom,K02000001,1998-11,,quarterly,72469,,,,,1998-11-01
United Kingdom,http://landregistry.data.gov.uk/id/region/united-kingdom,K02000001,1998-12,,quarterly,72469,,,,,1998-12-01
United Kingdom,http://landregistry.data.gov.uk/id/region/united-kingdom,K02000001,1999-01,,quarterly,72903,,,,,1999-01-01
United Kingdom,http://landregistry.data.gov.uk/id/region/united-kingdom,K02000001,1999-02,,quarterly,72903,,,,,1999-02-01
United Kingdom,http://landregistry.data.gov.uk/id/region/united-kingdom,K02000001,1999-03,,quarterly,72903,,,,,1999-03-01
United Kingdom,http://landregistry.data.gov.uk/id/region/united-kingdom,K02000001,1999-04,,quarterly,75995,,,,,1999-04-01
United Kingdom,http://landregistry.data.gov.uk/id/region/united-kingdom,K02000001,1999-05,,quarterly,75995,,,,,1999-05-01
United Kingdom,http://landregistry.data.gov.uk/id/region/united-kingdom,K02000001,1999-06,,quarterly,75995,,,,,1999-06-01
United Kingdom,http://landregistry.data.gov.uk/id/region/united-kingdom,K02000001,1999-07,,quarterly,80443,,,,,1999-07-01
United Kingdom,http://landregistry.data.gov.uk/id/region/united-kingdom,K02000001,1999-08,,quarterly,80443,,,,,1999-08-01
United Kingdom,http://landregistry.data.gov.uk/id/region/united-kingdom,K02000001,1999-09,,quarterly,80443,,,,,1999-09-01
United Kingdom,http://landregistry.data.gov.uk/id/region/united-kingdom,K02000001,1999-10,,quarterly,82504,,,,,1999-10-01
United Kingdom,http://landregistry.data.gov.uk/id/region/united-kingdom,K02000001,1999-11,,quarterly,82504,,,,,1999-11-01
United Kingdom,http://landregistry.data.gov.uk/id/region/united-kingdom,K02000001,1999-12,,quarterly,82504,,,,,1999-12-01
United Kingdom,http://landregistry.data.gov.uk/id/region/united-kingdom,K02000001,2000-01,,quarterly,84620,,,,,2000-01-01
United Kingdom,http://landregistry.data.gov.uk/id/region/united-kingdom,K02000001,2000-02,,quarterly,84620,,,,,2000-02-01
United Kingdom,http://landregistry.data.gov.uk/id/region/united-kingdom,K02000001,2000-03,,quarterly,84620,,,,,2000-03-01
United Kingdom,http://landregistry.data.gov.uk/id/region/united-kingdom,K02000001,2000-04,,quarterly,89230,,,,,2000-04-01
United Kingdom,http://landregistry.data.gov.uk/id/region/united-kingdom,K02000001,2000-05,,quarterly,89230,,,,,2000-05-01
United Kingdom,http://landregistry.data.gov.uk/id/region/united-kingdom,K02000001,2000-06,,quarterly,89230,,,,,2000-06-01
United Kingdom,http://landregistry.data.gov.uk/id/region/united-kingdom,K02000001,2000-07,,quarterly,90912,,,,,2000-07-01
United Kingdom,http://landregistry.data.gov.uk/id/region/united-kingdom,K02000001,2000-08,,quarterly,90912,,,,,2000-08-01
United Kingdom,http://landregistry.data.gov.uk/id/region/united-kingdom,K02000001,2000-09,,quarterly,90912,,,,,2000-09-01
United Kingdom,http://landregistry.data.gov.uk/id/region/united-kingdom,K02000001,2000-10,,quarterly,93624,,,,,2000-10-01
United Kingdom,http://landregistry.data.gov.uk/id/region/united-kingdom,K02000001,2000-11,,quarterly,93624,,,,,2000-11-01
United Kingdom,http://landregistry.data.gov.uk/id/region/united-kingdom,K02000001,2000-12,,quarterly,93624,,,,,2000-12-01
United Kingdom,http://landregistry.data.gov.uk/id/region/united-kingdom,K02000001,2001-01,,quarterly,93136,,,,,2001-01-01
United Kingdom,http://landregistry.data.gov.uk/id/region/united-kingdom,K02000001,2001-02,,quarterly,93136,,,,,2001-02-01
United Kingdom,http://landregistry.data.gov.uk/id/region/united-kingdom,K02000001,2001-03,,quarterly,93136,,,,,2001-03-01
United Kingdom,http://landregistry.data.gov.uk/id/region/united-kingdom,K02000001,2001-04,,quarterly,96499,,,,,2001-04-01
United Kingdom,http://landregistry.data.gov.uk/id/region/united-kingdom,K02000001,2001-05,,quarterly,96499,,,,,2001-05-01
United Kingdom,http://landregistry.data.gov.uk/id/region/united-kingdom,K02000001,2001-06,,quarterly,96499,,,,,2001-06-01
United Kingdom,http://landregistry.data.gov.uk/id/region/united-kingdom,K02000001,2001-07,,quarterly,99971,,,,,2001-07-01
United Kingdom,http://landregistry.data.gov.uk/id/region/united-kingdom,K02000001,2001-08,,quarterly,99971,,,,,2001-08-01
United Kingdom,http://landregistry.data.gov.uk/id/region/united-kingdom,K02000001,2001-09,,quarterly,99971,,,,,2001-09-01
United Kingdom,http://landregistry.data.gov.uk/id/region/united-kingdom,K02000001,2001-10,,quarterly,97964,,,,,2001-10-01
United Kingdom,http://landregistry.data.gov.uk/id/region/united-kingdom,K02000001,2001-11,,quarterly,97964,,,,,2001-11-01
United Kingdom,http://landregistry.data.gov.uk/id/region/united-kingdom,K02000001,2001-12,,quarterly,97964,,,,,2001-12-01
United Kingdom,http://landregistry.data.gov.uk/id/region/united-kingdom,K02000001,2002-01,,monthly,97623,,,,,2002-01-01
United Kingdom,http://landregistry.data.gov.uk/id/region/united-kingdom,K02000001,2002-02,,monthly,101164,,,,,2002-02-01
United Kingdom,http://landregistry.data.gov.uk/id/region/united-kingdom,K02000001,2002-03,,monthly,104705,,,,,2002-03-01
United Kingdom,http://landregistry.data.gov.uk/id/region/united-kingdom,K02000001,2002-04,,monthly,106121,,,,,2002-04-01
United Kingdom,http://landregistry.data.gov.uk/id/region/united-kingdom,K02000001,2002-05,,monthly,108852,,,,,2002-05-01
United Kingdom,http://landregistry.data.gov.uk/id/region/united-kingdom,K02000001,2002-06,,monthly,113304,,,,,2002-06-01
United Kingdom,http://landregistry.data.gov.uk/id/region/united-kingdom,K02000001,2002-07,,monthly,114214,,,,,2002-07-01
United Kingdom,http://landregistry.data.gov.uk/id/region/united-kingdom,K02000001,2002-08,,monthly,116743,,,,,2002-08-01
United Kingdom,http://landregistry.data.gov.uk/id/region/united-kingdom,K02000001,2002-09,,monthly,119576,,,,,2002-09-01
United Kingdom,http://landregistry.data.gov.uk/id/region/united-kingdom,K02000001,2002-10,,monthly,120486,,,,,2002-10-01
United Kingdom,http://landregistry.data.gov.uk/id/region/united-kingdom,K02000001,2002-11,,monthly,121700,,,,,2002-11-01
United Kingdom,http://landregistry.data.gov.uk/id/region/united-kingdom,K02000001,2002-12,,monthly,125747,,,,,2002-12-01
United Kingdom,http://landregistry.data.gov.uk/id/region/united-kingdom,K02000001,2003-01,,monthly,124836,,,,,2003-01-01
United Kingdom,http://landregistry.data.gov.uk/id/region/united-kingdom,K02000001,2003-02,,monthly,123521,,,,,2003-02-01
United Kingdom,http://landregistry.data.gov.uk/id/region/united-kingdom,K02000001,2003-03,,monthly,126152,,,,,2003-03-01
United Kingdom,http://landregistry.data.gov.uk/id/region/united-kingdom,K02000001,2003-04,,monthly,129186,,,,,2003-04-01
United Kingdom,http://landregistry.data.gov.uk/id/region/united-kingdom,K02000001,2003-05,,monthly,128276,,,,,2003-05-01
United Kingdom,http://landregistry.data.gov.uk/id/region/united-kingdom,K02000001,2003-06,,monthly,128579,,,,,2003-06-01
United Kingdom,http://landregistry.data.gov.uk/id/region/united-kingdom,K02000001,2003-07,,monthly,130805,,,,,2003-07-01
United Kingdom,http://landregistry.data.gov.uk/id/region/united-kingdom,K02000001,2003-08,,monthly,133132,,,,,2003-08-01
United Kingdom,http://landregistry.data.gov.uk/id/region/united-kingdom,K02000001,2003-09,,monthly,132727,,,,,2003-09-01
United Kingdom,http://landregistry.data.gov.uk/id/region/united-kingdom,K02000001,2003-10,,monthly,135054,,,,,2003-10-01
United Kingdom,http://landregistry.data.gov.uk/id/region/united-kingdom,K02000001,2003-11,,monthly,133536,,,,,2003-11-01
United Kingdom,http://landregistry.data.gov.uk/id/region/united-kingdom,K02000001,2003-12,,monthly,136167,,,,,2003-12-01
United Kingdom,http://landregistry.data.gov.uk/id/region/united-kingdom,K02000001,2004-01,,monthly,136976,,,,,2004-01-01
United Kingdom,http://landregistry.data.gov.uk/id/region/united-kingdom,K02000001,2004-02,,monthly,135661,,,,,2004-02-01
United Kingdom,http://landregistry.data.gov.uk/id/region/united-kingdom,K02000001,2004-03,,monthly,135964,,,,,2004-03-01
United Kingdom,http://landregistry.data.gov.uk/id/region/united-kingdom,K02000001,2004-04,,monthly,142135,,,,,2004-04-01
United Kingdom,http://landregistry.data.gov.uk/id/region/united-kingdom,K02000001,2004-05,,monthly,143855,,,,,2004-05-01
United Kingdom,http://landregistry.data.gov.uk/id/region/united-kingdom,K02000001,2004-06,,monthly,146384,,,,,2004-06-01
United Kingdom,http://landregistry.data.gov.uk/id/region/united-kingdom,K02000001,2004-07,,monthly,149520,,,,,2004-07-01
United Kingdom,http://landregistry.data.gov.uk/id/region/united-kingdom,K02000001,2004-08,,monthly,151240,,,,,2004-08-01
United Kingdom,http://landregistry.data.gov.uk/id/region/united-kingdom,K02000001,2004-09,,monthly,150937,,,,,2004-09-01
United Kingdom,http://landregistry.data.gov.uk/id/region/united-kingdom,K02000001,2004-10,,monthly,152050,,,,,2004-10-01
United Kingdom,http://landregistry.data.gov.uk/id/region/united-kingdom,K02000001,2004-11,,monthly,151847,,,,,2004-11-01
United Kingdom,http://landregistry.data.gov.uk/id/region/united-kingdom,K02000001,2004-12,,monthly,150734,,,,,2004-12-01
United Kingdom,http://landregistry.data.gov.uk/id/region/united-kingdom,K02000001,2005-01,67791,monthly,150633,236191,145913,119750,127018,2005-01-01
United Kingdom,http://landregistry.data.gov.uk/id/region/united-kingdom,K02000001,2005-02,69182,monthly,150488,234509,146578,119434,127046,2005-02-01
United Kingdom,http://landregistry.data.gov.uk/id/region/united-kingdom,K02000001,2005-03,83254,monthly,151723,235038,147324,120943,128372,2005-03-01
United Kingdom,http://landregistry.data.gov.uk/id/region/united-kingdom,K02000001,2005-04,102500,monthly,153880,236330,149615,122906,130545,2005-04-01
United Kingdom,http://landregistry.data.gov.uk/id/region/united-kingdom,K02000001,2005-05,103101,monthly,155533,240601,150580,124215,131826,2005-05-01
United Kingdom,http://landregistry.data.gov.uk/id/region/united-kingdom,K02000001,2005-06,117289,monthly,156767,239089,151657,126133,133124,2005-06-01
United Kingdom,http://landregistry.data.gov.uk/id/region/united-kingdom,K02000001,2005-07,123400,monthly,158786,244141,154293,127393,133758,2005-07-01
United Kingdom,http://landregistry.data.gov.uk/id/region/united-kingdom,K02000001,2005-08,120242,monthly,159431,246629,153880,128019,134530,2005-08-01
United Kingdom,http://landregistry.data.gov.uk/id/region/united-kingdom,K02000001,2005-09,122753,monthly,159183,244951,153647,128512,133820,2005-09-01
United Kingdom,http://landregistry.data.gov.uk/id/region/united-kingdom,K02000001,2005-10,114718,monthly,158865,244596,153722,127976,133529,2005-10-01
United Kingdom,http://landregistry.data.gov.uk/id/region/united-kingdom,K02000001,2005-11,118025,monthly,159337,244936,154068,128414,134133,2005-11-01
United Kingdom,http://landregistry.data.gov.uk/id/region/united-kingdom,K02000001,2005-12,128637,monthly,160209,242343,153914,129718,136871,2005-12-01
United Kingdom,http://landregistry.data.gov.uk/id/region/united-kingdom,K02000001,2006-01,94106,monthly,159970,244844,154122,129002,135909,2006-01-01
United Kingdom,http://landregistry.data.gov.uk/id/region/united-kingdom,K02000001,2006-02,95782,monthly,160231,243243,154159,129318,137211,2006-02-01
United Kingdom,http://landregistry.data.gov.uk/id/region/united-kingdom,K02000001,2006-03,124588,monthly,161531,245956,155563,130386,137740,2006-03-01
United Kingdom,http://landregistry.data.gov.uk/id/region/united-kingdom,K02000001,2006-04,117582,monthly,165042,249485,159151,133945,140314,2006-04-01
United Kingdom,http://landregistry.data.gov.uk/id/region/united-kingdom,K02000001,2006-05,129100,monthly,166606,252502,160241,134568,142780,2006-05-01
United Kingdom,http://landregistry.data.gov.uk/id/region/united-kingdom,K02000001,2006-06,153465,monthly,168184,252748,161638,136637,144114,2006-06-01
United Kingdom,http://landregistry.data.gov.uk/id/region/united-kingdom,K02000001,2006-07,141655,monthly,170604,258352,163934,139157,144386,2006-07-01
United Kingdom,http://landregistry.data.gov.uk/id/region/united-kingdom,K02000001,2006-08,148715,monthly,172037,261682,165273,139870,145759,2006-08-01
United Kingdom,http://landregistry.data.gov.uk/id/region/united-kingdom,K02000001,2006-09,144442,monthly,172738,262324,165909,140269,146869,2006-09-01
United Kingdom,http://landregistry.data.gov.uk/id/region/united-kingdom,K02000001,2006-10,140575,monthly,173750,263693,166832,141278,147609,2006-10-01
United Kingdom,http://landregistry.data.gov.uk/id/region/united-kingdom,K02000001,2006-11,142498,monthly,174644,265290,168046,142103,147708,2006-11-01
United Kingdom,http://landregistry.data.gov.uk/id/region/united-kingdom,K02000001,2006-12,149219,monthly,176819,264999,169329,144505,151264,2006-12-01
United Kingdom,http://landregistry.data.gov.uk/id/region/united-kingdom,K02000001,2007-01,107331,monthly,176758,268186,169496,144185,150639,2007-01-01
United Kingdom,http://landregistry.data.gov.uk/id/region/united-kingdom,K02000001,2007-02,104806,monthly,177261,267642,169788,144010,152704,2007-02-01
United Kingdom,http://landregistry.data.gov.uk/id/region/united-kingdom,K02000001,2007-03,128869,monthly,178636,269178,170921,146113,152908,2007-03-01
United Kingdom,http://landregistry.data.gov.uk/id/region/united-kingdom,K02000001,2007-04,118267,monthly,182243,273582,174013,149342,156410,2007-04-01
United Kingdom,http://landregistry.data.gov.uk/id/region/united-kingdom,K02000001,2007-05,132147,monthly,184330,275810,175564,150441,159937,2007-05-01
United Kingdom,http://landregistry.data.gov.uk/id/region/united-kingdom,K02000001,2007-06,151812,monthly,186348,279156,177260,152369,161353,2007-06-01
United Kingdom,http://landregistry.data.gov.uk/id/region/united-kingdom,K02000001,2007-07,139264,monthly,188691,285684,179325,153994,162554,2007-07-01
United Kingdom,http://landregistry.data.gov.uk/id/region/united-kingdom,K02000001,2007-08,149410,monthly,189786,287929,180401,155100,162878,2007-08-01
United Kingdom,http://landregistry.data.gov.uk/id/region/united-kingdom,K02000001,2007-09,119194,monthly,190032,288381,180270,154741,164251,2007-09-01
United Kingdom,http://landregistry.data.gov.uk/id/region/united-kingdom,K02000001,2007-10,122098,monthly,189589,288223,179621,154398,163837,2007-10-01
United Kingdom,http://landregistry.data.gov.uk/id/region/united-kingdom,K02000001,2007-11,121078,monthly,189489,288470,179951,153793,163900,2007-11-01
United Kingdom,http://landregistry.data.gov.uk/id/region/united-kingdom,K02000001,2007-12,97912,monthly,189193,285242,179364,154082,164472,2007-12-01
United Kingdom,http://landregistry.data.gov.uk/id/region/united-kingdom,K02000001,2008-01,69661,monthly,185782,280201,175565,150959,164580,2008-01-01
United Kingdom,http://landregistry.data.gov.uk/id/region/united-kingdom,K02000001,2008-02,73683,monthly,184185,277037,174660,149627,162953,2008-02-01
United Kingdom,http://landregistry.data.gov.uk/id/region/united-kingdom,K02000001,2008-03,71247,monthly,182845,273984,173965,149155,160801,2008-03-01
United Kingdom,http://landregistry.data.gov.uk/id/region/united-kingdom,K02000001,2008-04,76653,monthly,183148,275418,173450,149733,160963,2008-04-01
United Kingdom,http://landregistry.data.gov.uk/id/region/united-kingdom,K02000001,2008-05,80039,monthly,184267,275513,175160,150198,162696,2008-05-01
United Kingdom,http://landregistry.data.gov.uk/id/region/united-kingdom,K02000001,2008-06,72676,monthly,181831,271990,172913,148590,159875,2008-06-01
United Kingdom,http://landregistry.data.gov.uk/id/region/united-kingdom,K02000001,2008-07,63875,monthly,179845,270883,170845,146400,158188,2008-07-01
United Kingdom,http://landregistry.data.gov.uk/id/region/united-kingdom,K02000001,2008-08,59175,monthly,176092,266384,167166,143180,154671,2008-08-01
United Kingdom,http://landregistry.data.gov.uk/id/region/united-kingdom,K02000001,2008-09,50985,monthly,171660,262199,162201,139195,150878,2008-09-01
United Kingdom,http://landregistry.data.gov.uk/id/region/united-kingdom,K02000001,2008-10,54904,monthly,168177,255567,159515,136263,147979,2008-10-01
United Kingdom,http://landregistry.data.gov.uk/id/region/united-kingdom,K02000001,2008-11,44543,monthly,163447,247586,155709,132512,143378,2008-11-01
United Kingdom,http://landregistry.data.gov.uk/id/region/united-kingdom,K02000001,2008-12,47872,monthly,160954,242938,152977,131693,140291,2008-12-01
United Kingdom,http://landregistry.data.gov.uk/id/region/united-kingdom,K02000001,2009-01,32752,monthly,157234,241206,148741,126924,137752,2009-01-01
United Kingdom,http://landregistry.data.gov.uk/id/region/united-kingdom,K02000001,2009-02,33218,monthly,155417,235417,147888,125694,136740,2009-02-01
United Kingdom,http://landregistry.data.gov.uk/id/region/united-kingdom,K02000001,2009-03,43308,monthly,154452,234530,146108,125065,136442,2009-03-01
United Kingdom,http://landregistry.data.gov.uk/id/region/united-kingdom,K02000001,2009-04,47263,monthly,155852,235300,148495,126884,136051,2009-04-01
United Kingdom,http://landregistry.data.gov.uk/id/region/united-kingdom,K02000001,2009-05,54185,monthly,158004,238699,150402,128432,138356,2009-05-01
United Kingdom,http://landregistry.data.gov.uk/id/region/united-kingdom,K02000001,2009-06,62613,monthly,159561,241957,151480,130003,139122,2009-06-01
United Kingdom,http://landregistry.data.gov.uk/id/region/united-kingdom,K02000001,2009-07,73493,monthly,162423,246960,154547,132514,140355,2009-07-01
United Kingdom,http://landregistry.data.gov.uk/id/region/united-kingdom,K02000001,2009-08,68125,monthly,164025,249979,156307,133758,141096,2009-08-01
United Kingdom,http://landregistry.data.gov.uk/id/region/united-kingdom,K02000001,2009-09,68413,monthly,165314,251604,156912,134809,143313,2009-09-01
United Kingdom,http://landregistry.data.gov.uk/id/region/united-kingdom,K02000001,2009-10,76806,monthly,166425,253836,158867,135658,142741,2009-10-01
United Kingdom,http://landregistry.data.gov.uk/id/region/united-kingdom,K02000001,2009-11,71550,monthly,166986,255675,158605,136505,142999,2009-11-01
United Kingdom,http://landregistry.data.gov.uk/id/region/united-kingdom,K02000001,2009-12,89592,monthly,168082,252946,160655,138433,144066,2009-12-01
United Kingdom,http://landregistry.data.gov.uk/id/region/united-kingdom,K02000001,2010-01,42754,monthly,167469,258979,159457,136261,142338,2010-01-01
United Kingdom,http://landregistry.data.gov.uk/id/region/united-kingdom,K02000001,2010-02,49017,monthly,167888,258258,160617,136752,142407,2010-02-01
United Kingdom,http://landregistry.data.gov.uk/id/region/united-kingdom,K02000001,2010-03,59716,monthly,167878,258191,159678,136425,144189,2010-03-01
United Kingdom,http://landregistry.data.gov.uk/id/region/united-kingdom,K02000001,2010-04,61352,monthly,170028,260075,162470,138535,145456,2010-04-01
United Kingdom,http://landregistry.data.gov.uk/id/region/united-kingdom,K02000001,2010-05,60892,monthly,170846,262619,162702,139143,146061,2010-05-01
United Kingdom,http://landregistry.data.gov.uk/id/region/united-kingdom,K02000001,2010-06,72734,monthly,171689,262311,163595,140462,146799,2010-06-01
United Kingdom,http://landregistry.data.gov.uk/id/region/united-kingdom,K02000001,2010-07,77807,monthly,173427,268336,165086,141211,147180,2010-07-01
United Kingdom,http://landregistry.data.gov.uk/id/region/united-kingdom,K02000001,2010-08,70927,monthly,173417,268707,166058,140523,146679,2010-08-01
United Kingdom,http://landregistry.data.gov.uk/id/region/united-kingdom,K02000001,2010-09,66690,monthly,172972,268248,164443,140678,146900,2010-09-01
United Kingdom,http://landregistry.data.gov.uk/id/region/united-kingdom,K02000001,2010-10,68601,monthly,171045,265285,163224,138675,145117,2010-10-01
United Kingdom,http://landregistry.data.gov.uk/id/region/united-kingdom,K02000001,2010-11,65440,monthly,169013,263487,161335,136245,143631,2010-11-01
United Kingdom,http://landregistry.data.gov.uk/id/region/united-kingdom,K02000001,2010-12,65416,monthly,168703,260339,160988,136909,143845,2010-12-01
United Kingdom,http://landregistry.data.gov.uk/id/region/united-kingdom,K02000001,2011-01,43999,monthly,167300,260855,158765,134970,143346,2011-01-01
United Kingdom,http://landregistry.data.gov.uk/id/region/united-kingdom,K02000001,2011-02,45807,monthly,166415,259042,157919,134337,142769,2011-02-01
United Kingdom,http://landregistry.data.gov.uk/id/region/united-kingdom,K02000001,2011-03,54489,monthly,165649,258129,156617,133724,142713,2011-03-01
United Kingdom,http://landregistry.data.gov.uk/id/region/united-kingdom,K02000001,2011-04,59195,monthly,168218,259704,159154,136375,145543,2011-04-01
United Kingdom,http://landregistry.data.gov.uk/id/region/united-kingdom,K02000001,2011-05,57437,monthly,167470,257725,159241,135373,145040,2011-05-01
United Kingdom,http://landregistry.data.gov.uk/id/region/united-kingdom,K02000001,2011-06,67036,monthly,167753,257002,159732,136039,145077,2011-06-01
United Kingdom,http://landregistry.data.gov.uk/id/region/united-kingdom,K02000001,2011-07,72454,monthly,169866,261398,160876,137528,147675,2011-07-01
United Kingdom,http://landregistry.data.gov.uk/id/region/united-kingdom,K02000001,2011-08,74282,monthly,169968,263565,162048,137455,145046,2011-08-01
United Kingdom,http://landregistry.data.gov.uk/id/region/united-kingdom,K02000001,2011-09,73949,monthly,169544,263033,160864,137333,145316,2011-09-01
United Kingdom,http://landregistry.data.gov.uk/id/region/united-kingdom,K02000001,2011-10,67227,monthly,167673,261050,159782,135106,143274,2011-10-01
United Kingdom,http://landregistry.data.gov.uk/id/region/united-kingdom,K02000001,2011-11,69850,monthly,167757,259857,159722,134893,144974,2011-11-01
United Kingdom,http://landregistry.data.gov.uk/id/region/united-kingdom,K02000001,2011-12,72822,monthly,167048,256911,159321,135042,144095,2011-12-01
United Kingdom,http://landregistry.data.gov.uk/id/region/united-kingdom,K02000001,2012-01,51610,monthly,165908,256484,158399,133953,142151,2012-01-01
United Kingdom,http://landregistry.data.gov.uk/id/region/united-kingdom,K02000001,2012-02,52216,monthly,165457,255828,157793,134143,141034,2012-02-01
United Kingdom,http://landregistry.data.gov.uk/id/region/united-kingdom,K02000001,2012-03,71569,monthly,165947,252632,158344,135297,142999,2012-03-01
United Kingdom,http://landregistry.data.gov.uk/id/region/united-kingdom,K02000001,2012-04,52179,monthly,167854,258688,159306,135656,145481,2012-04-01
United Kingdom,http://landregistry.data.gov.uk/id/region/united-kingdom,K02000001,2012-05,61885,monthly,168395,258344,159939,136422,146107,2012-05-01
United Kingdom,http://landregistry.data.gov.uk/id/region/united-kingdom,K02000001,2012-06,70653,monthly,170049,258978,161026,139132,147312,2012-06-01
United Kingdom,http://landregistry.data.gov.uk/id/region/united-kingdom,K02000001,2012-07,69003,monthly,170701,262303,161716,138737,147598,2012-07-01
United Kingdom,http://landregistry.data.gov.uk/id/region/united-kingdom,K02000001,2012-08,76293,monthly,170902,261806,162361,139531,146690,2012-08-01
United Kingdom,http://landregistry.data.gov.uk/id/region/united-kingdom,K02000001,2012-09,62415,monthly,170295,261237,161318,138796,146935,2012-09-01
United Kingdom,http://landregistry.data.gov.uk/id/region/united-kingdom,K02000001,2012-10,69354,monthly,169090,259000,160378,137277,146820,2012-10-01
United Kingdom,http://landregistry.data.gov.uk/id/region/united-kingdom,K02000001,2012-11,74805,monthly,169227,259437,160799,137882,145538,2012-11-01
United Kingdom,http://landregistry.data.gov.uk/id/region/united-kingdom,K02000001,2012-12,66307,monthly,168843,258319,159967,137659,146086,2012-12-01
United Kingdom,http://landregistry.data.gov.uk/id/region/united-kingdom,K02000001,2013-01,51419,monthly,167716,257092,159796,135862,145176,2013-01-01
United Kingdom,http://landregistry.data.gov.uk/id/region/united-kingdom,K02000001,2013-02,52938,monthly,167682,256804,159123,136339,145327,2013-02-01
United Kingdom,http://landregistry.data.gov.uk/id/region/united-kingdom,K02000001,2013-03,64483,monthly,168681,259167,159789,136899,146369,2013-03-01
United Kingdom,http://landregistry.data.gov.uk/id/region/united-kingdom,K02000001,2013-04,61104,monthly,170335,260450,161107,138400,148799,2013-04-01
United Kingdom,http://landregistry.data.gov.uk/id/region/united-kingdom,K02000001,2013-05,77967,monthly,171234,260496,162195,139303,149967,2013-05-01
United Kingdom,http://landregistry.data.gov.uk/id/region/united-kingdom,K02000001,2013-06,77812,monthly,172655,262270,163344,141073,150741,2013-06-01
United Kingdom,http://landregistry.data.gov.uk/id/region/united-kingdom,K02000001,2013-07,85692,monthly,174592,265844,164829,142178,153218,2013-07-01
United Kingdom,http://landregistry.data.gov.uk/id/region/united-kingdom,K02000001,2013-08,92501,monthly,175982,267844,166652,143387,153718,2013-08-01
United Kingdom,http://landregistry.data.gov.uk/id/region/united-kingdom,K02000001,2013-09,82023,monthly,176098,269322,165787,143200,154614,2013-09-01
United Kingdom,http://landregistry.data.gov.uk/id/region/united-kingdom,K02000001,2013-10,91792,monthly,175378,269006,165631,141771,154123,2013-10-01
United Kingdom,http://landregistry.data.gov.uk/id/region/united-kingdom,K02000001,2013-11,99078,monthly,176352,268579,166891,142982,155243,2013-11-01
United Kingdom,http://landregistry.data.gov.uk/id/region/united-kingdom,K02000001,2013-12,93910,monthly,177971,268317,168160,144659,158479,2013-12-01
United Kingdom,http://landregistry.data.gov.uk/id/region/united-kingdom,K02000001,2014-01,78627,monthly,178182,270720,167392,144370,159722,2014-01-01
United Kingdom,http://landregistry.data.gov.uk/id/region/united-kingdom,K02000001,2014-02,77508,monthly,178921,271506,168438,145024,160105,2014-02-01
United Kingdom,http://landregistry.data.gov.uk/id/region/united-kingdom,K02000001,2014-03,81376,monthly,179537,270650,169111,145778,161382,2014-03-01
United Kingdom,http://landregistry.data.gov.uk/id/region/united-kingdom,K02000001,2014-04,85557,monthly,183532,276553,172427,149407,164991,2014-04-01
United Kingdom,http://landregistry.data.gov.uk/id/region/united-kingdom,K02000001,2014-05,94248,monthly,185476,278160,174092,151064,167752,2014-05-01
United Kingdom,http://landregistry.data.gov.uk/id/region/united-kingdom,K02000001,2014-06,97503,monthly,187077,280105,175845,152236,169426,2014-06-01
United Kingdom,http://landregistry.data.gov.uk/id/region/united-kingdom,K02000001,2014-07,100944,monthly,189709,284928,177787,154639,171422,2014-07-01
United Kingdom,http://landregistry.data.gov.uk/id/region/united-kingdom,K02000001,2014-08,105336,monthly,191932,288373,179963,156321,173448,2014-08-01
United Kingdom,http://landregistry.data.gov.uk/id/region/united-kingdom,K02000001,2014-09,94568,monthly,192138,288877,179689,156380,174245,2014-09-01
United Kingdom,http://landregistry.data.gov.uk/id/region/united-kingdom,K02000001,2014-10,104082,monthly,191855,289113,179798,155607,173923,2014-10-01
United Kingdom,http://landregistry.data.gov.uk/id/region/united-kingdom,K02000001,2014-11,90040,monthly,191209,288437,179485,154937,173004,2014-11-01
United Kingdom,http://landregistry.data.gov.uk/id/region/united-kingdom,K02000001,2014-12,92815,monthly,191669,288610,179502,155463,174054,2014-12-01
United Kingdom,http://landregistry.data.gov.uk/id/region/united-kingdom,K02000001,2015-01,69896,monthly,190665,287731,178781,154466,172120,2015-01-01
United Kingdom,http://landregistry.data.gov.uk/id/region/united-kingdom,K02000001,2015-02,70147,monthly,190827,288206,178681,154721,172211,2015-02-01
United Kingdom,http://landregistry.data.gov.uk/id/region/united-kingdom,K02000001,2015-03,80746,monthly,191537,291244,179440,154398,172814,2015-03-01
United Kingdom,http://landregistry.data.gov.uk/id/region/united-kingdom,K02000001,2015-04,78765,monthly,193225,290900,181200,157103,173968,2015-04-01
United Kingdom,http://landregistry.data.gov.uk/id/region/united-kingdom,K02000001,2015-05,89669,monthly,195313,292765,183485,158540,176820,2015-05-01
United Kingdom,http://landregistry.data.gov.uk/id/region/united-kingdom,K02000001,2015-06,100504,monthly,196802,295273,185011,160538,176467,2015-06-01
United Kingdom,http://landregistry.data.gov.uk/id/region/united-kingdom,K02000001,2015-07,110102,monthly,200142,300451,187831,162773,180567,2015-07-01
United Kingdom,http://landregistry.data.gov.uk/id/region/united-kingdom,K02000001,2015-08,100419,monthly,201973,304063,189427,164257,181747,2015-08-01
United Kingdom,http://landregistry.data.gov.uk/id/region/united-kingdom,K02000001,2015-09,98440,monthly,202389,306359,189114,164097,182638,2015-09-01
United Kingdom,http://landregistry.data.gov.uk/id/region/united-kingdom,K02000001,2015-10,108562,monthly,202664,305629,190131,164702,182108,2015-10-01
United Kingdom,http://landregistry.data.gov.uk/id/region/united-kingdom,K02000001,2015-11,97965,monthly,204223,308059,191457,165658,184151,2015-11-01
United Kingdom,http://landregistry.data.gov.uk/id/region/united-kingdom,K02000001,2015-12,98508,monthly,204920,309668,191954,166244,184535,2015-12-01
United Kingdom,http://landregistry.data.gov.uk/id/region/united-kingdom,K02000001,2016-01,75044,monthly,205464,308888,193058,166316,186070,2016-01-01
United Kingdom,http://landregistry.data.gov.uk/id/region/united-kingdom,K02000001,2016-02,79992,monthly,205555,310064,191992,166710,186328,2016-02-01
United Kingdom,http://landregistry.data.gov.uk/id/region/united-kingdom,K02000001,2016-03,142209,monthly,207667,315018,192668,167748,189784,2016-03-01
United Kingdom,http://landregistry.data.gov.uk/id/region/united-kingdom,K02000001,2016-04,67097,monthly,208443,311664,195838,170071,187786,2016-04-01
United Kingdom,http://landregistry.data.gov.uk/id/region/united-kingdom,K02000001,2016-05,75417,monthly,210872,312710,197445,172087,192744,2016-05-01
United Kingdom,http://landregistry.data.gov.uk/id/region/united-kingdom,K02000001,2016-06,91718,monthly,212887,319683,199148,173343,192478,2016-06-01
United Kingdom,http://landregistry.data.gov.uk/id/region/united-kingdom,K02000001,2016-07,97176,monthly,215127,321284,201502,175506,194913,2016-07-01
United Kingdom,http://landregistry.data.gov.uk/id/region/united-kingdom,K02000001,2016-08,98386,monthly,215145,322479,201565,175221,194503,2016-08-01
United Kingdom,http://landregistry.data.gov.uk/id/region/united-kingdom,K02000001,2016-09,95699,monthly,214816,323250,201442,174173,194350,2016-09-01
United Kingdom,http://landregistry.data.gov.uk/id/region/united-kingdom,K02000001,2016-10,89318,monthly,214107,323441,200703,172619,194540,2016-10-01
United Kingdom,http://landregistry.data.gov.uk/id/region/united-kingdom,K02000001,2016-11,92948,monthly,215113,326020,201403,173104,195545,2016-11-01
United Kingdom,http://landregistry.data.gov.uk/id/region/united-kingdom,K02000001,2016-12,98707,monthly,215500,325270,201622,174168,195784,2016-12-01
United Kingdom,http://landregistry.data.gov.uk/id/region/united-kingdom,K02000001,2017-01,72121,monthly,215243,325619,201371,173379,196013,2017-01-01
United Kingdom,http://landregistry.data.gov.uk/id/region/united-kingdom,K02000001,2017-02,74890,monthly,215697,325218,201056,173744,198126,2017-02-01
United Kingdom,http://landregistry.data.gov.uk/id/region/united-kingdom,K02000001,2017-03,92846,monthly,215236,325874,201311,173148,196252,2017-03-01
United Kingdom,http://landregistry.data.gov.uk/id/region/united-kingdom,K02000001,2017-04,80046,monthly,218642,329988,204170,176204,199988,2017-04-01
United Kingdom,http://landregistry.data.gov.uk/id/region/united-kingdom,K02000001,2017-05,87737,monthly,219954,328946,206214,177040,202657,2017-05-01
United Kingdom,http://landregistry.data.gov.uk/id/region/united-kingdom,K02000001,2017-06,106006,monthly,221833,332404,207393,179414,203274,2017-06-01
United Kingdom,http://landregistry.data.gov.uk/id/region/united-kingdom,K02000001,2017-07,96612,monthly,224719,336938,210202,181323,206314,2017-07-01
United Kingdom,http://landregistry.data.gov.uk/id/region/united-kingdom,K02000001,2017-08,103293,monthly,225738,338448,211006,183039,206014,2017-08-01
United Kingdom,http://landregistry.data.gov.uk/id/region/united-kingdom,K02000001,2017-09,98642,monthly,224895,339644,210544,181852,203916,2017-09-01
United Kingdom,http://landregistry.data.gov.uk/id/region/united-kingdom,K02000001,2017-10,97350,monthly,225092,340120,211681,181620,203418,2017-10-01
United Kingdom,http://landregistry.data.gov.uk/id/region/united-kingdom,K02000001,2017-11,96757,monthly,224453,338270,210962,181145,203535,2017-11-01
United Kingdom,http://landregistry.data.gov.uk/id/region/united-kingdom,K02000001,2017-12,96136,monthly,225330,339309,212011,182532,203174,2017-12-01
United Kingdom,http://landregistry.data.gov.uk/id/region/united-kingdom,K02000001,2018-01,71890,monthly,224544,339693,211153,180114,204664,2018-01-01
United Kingdom,http://landregistry.data.gov.uk/id/region/united-kingdom,K02000001,2018-02,72647,monthly,225131,341648,211191,180931,204539,2018-02-01
United Kingdom,http://landregistry.data.gov.uk/id/region/united-kingdom,K02000001,2018-03,85498,monthly,223772,339364,210734,180601,201236,2018-03-01
United Kingdom,http://landregistry.data.gov.uk/id/region/united-kingdom,K02000001,2018-04,75990,monthly,225910,340713,212988,182903,203360,2018-04-01
United Kingdom,http://landregistry.data.gov.uk/id/region/united-kingdom,K02000001,2018-05,85713,monthly,226834,342550,213842,183523,204081,2018-05-01
United Kingdom,http://landregistry.data.gov.uk/id/region/united-kingdom,K02000001,2018-06,100147,monthly,228355,343977,215937,184302,205940,2018-06-01
United Kingdom,http://landregistry.data.gov.uk/id/region/united-kingdom,K02000001,2018-07,93599,monthly,231187,350350,217959,186849,207383,2018-07-01
United Kingdom,http://landregistry.data.gov.uk/id/region/united-kingdom,K02000001,2018-08,106376,monthly,231898,350964,218970,187871,207243,2018-08-01
United Kingdom,http://landregistry.data.gov.uk/id/region/united-kingdom,K02000001,2018-09,87977,monthly,231454,351794,218879,187079,206000,2018-09-01
United Kingdom,http://landregistry.data.gov.uk/id/region/united-kingdom,K02000001,2018-10,97146,monthly,231211,351859,218698,186499,205987,2018-10-01
United Kingdom,http://landregistry.data.gov.uk/id/region/united-kingdom,K02000001,2018-11,103537,monthly,230224,350089,217983,186139,204365,2018-11-01
United Kingdom,http://landregistry.data.gov.uk/id/region/united-kingdom,K02000001,2018-12,88347,monthly,229729,347744,217796,185429,205194,2018-12-01
United Kingdom,http://landregistry.data.gov.uk/id/region/united-kingdom,K02000001,2019-01,69048,monthly,228314,349197,216342,183361,202876,2019-01-01
United Kingdom,http://landregistry.data.gov.uk/id/region/united-kingdom,K02000001,2019-02,71207,monthly,227738,347442,215763,183453,202169,2019-02-01
United Kingdom,http://landregistry.data.gov.uk/id/region/united-kingdom,K02000001,2019-03,82406,monthly,227104,345433,215930,183158,201004,2019-03-01
United Kingdom,http://landregistry.data.gov.uk/id/region/united-kingdom,K02000001,2019-04,77691,monthly,228749,346829,217063,185385,202435,2019-04-01
United Kingdom,http://landregistry.data.gov.uk/id/region/united-kingdom,K02000001,2019-05,86556,monthly,229061,346711,217808,186135,201761,2019-05-01
United Kingdom,http://landregistry.data.gov.uk/id/region/united-kingdom,K02000001,2019-06,88417,monthly,230049,347564,218676,186272,204271,2019-06-01
United Kingdom,http://landregistry.data.gov.uk/id/region/united-kingdom,K02000001,2019-07,93664,monthly,232618,352091,220307,188616,206741,2019-07-01
United Kingdom,http://landregistry.data.gov.uk/id/region/united-kingdom,K02000001,2019-08,100083,monthly,233352,354333,221334,190146,204615,2019-08-01
United Kingdom,http://landregistry.data.gov.uk/id/region/united-kingdom,K02000001,2019-09,87983,monthly,233656,353718,220770,189959,207522,2019-09-01
United Kingdom,http://landregistry.data.gov.uk/id/region/united-kingdom,K02000001,2019-10,94057,monthly,233041,353316,222569,188617,204725,2019-10-01
United Kingdom,http://landregistry.data.gov.uk/id/region/united-kingdom,K02000001,2019-11,95636,monthly,232079,352821,221713,188255,202423,2019-11-01
United Kingdom,http://landregistry.data.gov.uk/id/region/united-kingdom,K02000001,2019-12,86495,monthly,231821,350747,220711,188483,203763,2019-12-01
United Kingdom,http://landregistry.data.gov.uk/id/region/united-kingdom,K02000001,2020-01,69209,monthly,232749,353836,221695,188236,204767,2020-01-01
United Kingdom,http://landregistry.data.gov.uk/id/region/united-kingdom,K02000001,2020-02,66367,monthly,231162,351560,220349,188010,201332,2020-02-01
United Kingdom,http://landregistry.data.gov.uk/id/region/united-kingdom,K02000001,2020-03,63611,monthly,234464,357495,223181,189934,205153,2020-03-01
United Kingdom,http://landregistry.data.gov.uk/id/region/united-kingdom,K02000001,2020-04,25140,monthly,230533,353349,219098,187802,199092,2020-04-01
United Kingdom,http://landregistry.data.gov.uk/id/region/united-kingdom,K02000001,2020-05,32248,monthly,231778,352462,222000,188174,200976,2020-05-01
United Kingdom,http://landregistry.data.gov.uk/id/region/united-kingdom,K02000001,2020-06,,monthly,236798,359099,226505,192784,205675,2020-06-01
United Kingdom,http://landregistry.data.gov.uk/id/region/united-kingdom,K02000001,2020-07,,monthly,237963,361986,227832,193619,205702,2020-07-01
